{
  "project_info": {
    "project_number": "241518062287",
    "project_id": "food-on-line-4f47e",
    "storage_bucket": "food-on-line-4f47e.appspot.com"
  },
  "client": [
    {
      "client_info": {
        "mobilesdk_app_id": "1:241518062287:android:d5e850a358dbe7c39be5ba",
        "android_client_info": {
          "package_name": "com.example.food_delivery_app"
        }
      },
      "oauth_client": [
        {
          "client_id": "241518062287-v3og3s40c2ukm8vsb4ruvqm5hl0oi4f2.apps.googleusercontent.com",
          "client_type": 1,
          "android_info": {
            "package_name": "com.example.food_delivery_app",
            "certificate_hash": "15889699c52c6e9f0350ba5d8e3f7740003d5b6d"
          }
        },
        {
          "client_id": "241518062287-p6oicjmb1opcaqfarmngjrql6qe3prqh.apps.googleusercontent.com",
          "client_type": 3
        }
      ],
      "api_key": [
        {
          "current_key": "AIzaSyDFSz8M-m1k_J3QLci8kYo1wCqh9CuD4Vw"
        }
      ],
      "services": {
        "appinvite_service": {
          "other_platform_oauth_client": [
            {
              "client_id": "241518062287-p6oicjmb1opcaqfarmngjrql6qe3prqh.apps.googleusercontent.com",
              "client_type": 3
            }
          ]
        }
      }
    }
  ],
  "configuration_version": "1"
}